-- phpMyAdmin SQL Dump
-- version 4.6.6deb5
-- https://www.phpmyadmin.net/
--
-- Client :  localhost:3306
-- Généré le :  Dim 17 Novembre 2019 à 21:08
-- Version du serveur :  5.7.27-0ubuntu0.18.04.1
-- Version de PHP :  7.2.24-0ubuntu0.18.04.1

SET SQL_MODE = "NO_AUTO_VALUE_ON_ZERO";
SET time_zone = "+00:00";


/*!40101 SET @OLD_CHARACTER_SET_CLIENT=@@CHARACTER_SET_CLIENT */;
/*!40101 SET @OLD_CHARACTER_SET_RESULTS=@@CHARACTER_SET_RESULTS */;
/*!40101 SET @OLD_COLLATION_CONNECTION=@@COLLATION_CONNECTION */;
/*!40101 SET NAMES utf8mb4 */;

--
-- Base de données :  `parionsamateur`
--

-- --------------------------------------------------------

--
-- Structure de la table `ajouter_panier`
--

CREATE TABLE `ajouter_panier` (
  `idAjouterPanier` int(11) NOT NULL,
  `idUtilisateurs_UTILISATEURS` int(11) NOT NULL,
  `idMatchs_MATCHS` int(11) NOT NULL,
  `paris` varchar(255) COLLATE utf8mb4_unicode_ci NOT NULL
) ENGINE=InnoDB DEFAULT CHARSET=utf8mb4 COLLATE=utf8mb4_unicode_ci;

-- --------------------------------------------------------

--
-- Structure de la table `categories`
--

CREATE TABLE `categories` (
  `idCategories` int(11) NOT NULL,
  `libelle` varchar(255) COLLATE utf8mb4_unicode_ci NOT NULL
) ENGINE=InnoDB DEFAULT CHARSET=utf8mb4 COLLATE=utf8mb4_unicode_ci;

--
-- Contenu de la table `categories`
--

INSERT INTO `categories` (`idCategories`, `libelle`) VALUES
(1, 'admin'),
(2, 'user');

-- --------------------------------------------------------

--
-- Structure de la table `competitions`
--

CREATE TABLE `competitions` (
  `idCompetitions` int(11) NOT NULL,
  `libelle` varchar(255) COLLATE utf8mb4_unicode_ci NOT NULL,
  `annee` varchar(11) COLLATE utf8mb4_unicode_ci NOT NULL
) ENGINE=InnoDB DEFAULT CHARSET=utf8mb4 COLLATE=utf8mb4_unicode_ci;

--
-- Contenu de la table `competitions`
--

INSERT INTO `competitions` (`idCompetitions`, `libelle`, `annee`) VALUES
(1, 'CHAMPIONNATS', '2019 - 2020'),
(2, 'COUPES', '2019 - 2020');

-- --------------------------------------------------------

--
-- Structure de la table `divisions`
--

CREATE TABLE `divisions` (
  `idDivisions` int(11) NOT NULL,
  `libelle` varchar(255) COLLATE utf8mb4_unicode_ci NOT NULL
) ENGINE=InnoDB DEFAULT CHARSET=utf8mb4 COLLATE=utf8mb4_unicode_ci;

--
-- Contenu de la table `divisions`
--

INSERT INTO `divisions` (`idDivisions`, `libelle`) VALUES
(1, 'DIVISION 1'),
(2, 'DIVISION 2'),
(3, 'DIVISION 3'),
(4, 'REGIONAL 1 - SENIORS'),
(5, 'REGIONAL 2 - SENIORS'),
(6, 'REGIONAL 3 - SENIORS'),
(7, 'DIVISION 4');

-- --------------------------------------------------------

--
-- Structure de la table `equipes`
--

CREATE TABLE `equipes` (
  `idEquipes` int(11) NOT NULL,
  `libelle` varchar(255) COLLATE utf8mb4_unicode_ci NOT NULL
) ENGINE=InnoDB DEFAULT CHARSET=utf8mb4 COLLATE=utf8mb4_unicode_ci;

--
-- Contenu de la table `equipes`
--

INSERT INTO `equipes` (`idEquipes`, `libelle`) VALUES
(280, 'E.S.C.G 3'),
(281, 'LALBENQUE-FON 3'),
(282, 'ST CYPR.-MONT 2'),
(283, 'FCHQ 2'),
(284, 'SALVIAC'),
(285, 'PAYRIGNAC 2'),
(286, 'DEGAGNAC'),
(287, 'US 3C CATUS 2'),
(288, 'AS CAUSSE LIMARGUE 3'),
(289, 'ENTENTE VALLÉE LOT 2'),
(290, 'F.C.P.L'),
(291, 'BEGOUX ARCAMBAL'),
(292, 'CASTANET US'),
(293, 'GOLFECH-ST PAUL'),
(294, 'COLOMIERS 2'),
(295, 'CAZERES U.S'),
(296, 'MARSSAC SRDT'),
(297, 'L  UNION ST JEAN FC'),
(298, 'TARBES PYRENEES FOOT'),
(299, 'ST ALBAN AUCAMVILLE'),
(300, 'TOURNEFEUILLE'),
(301, 'LOURDES FC'),
(302, 'AUSSONNE E.'),
(303, 'ONET LE CHAT. FOOT'),
(304, 'BIARS/BRETENOUX FC 2'),
(305, 'ELAN MARIVALOIS'),
(306, 'MONTCABRIER'),
(307, 'PUY LEV./PRAY FC'),
(308, 'VALROC FOOT'),
(309, 'ENT. SEGALA F.'),
(310, 'HAUT CELE F.C.'),
(311, 'ENT. BOURIANE F.C.'),
(312, 'FIGEAC QUERCY FOOT 2'),
(313, 'ECCF'),
(314, 'E.S.C.G'),
(315, 'PRADINES SVD OLT 2');

-- --------------------------------------------------------

--
-- Structure de la table `matchs`
--

CREATE TABLE `matchs` (
  `idMatchs` int(11) NOT NULL,
  `score_dom` int(11) NOT NULL,
  `score_ext` int(11) NOT NULL,
  `cote_dom` double NOT NULL,
  `cote_ext` double NOT NULL,
  `cote_nul` double NOT NULL,
  `date` datetime NOT NULL,
  `idCompetitions_COMPETITIONS` int(11) NOT NULL,
  `journee` int(11) NOT NULL,
  `idDivisions_DIVISIONS` int(11) NOT NULL,
  `domicile` int(11) NOT NULL,
  `exterieur` int(11) NOT NULL,
  `idNiveaux_NIVEAUX` int(11) NOT NULL
) ENGINE=InnoDB DEFAULT CHARSET=utf8mb4 COLLATE=utf8mb4_unicode_ci;

--
-- Contenu de la table `matchs`
--

INSERT INTO `matchs` (`idMatchs`, `score_dom`, `score_ext`, `cote_dom`, `cote_ext`, `cote_nul`, `date`, `idCompetitions_COMPETITIONS`, `journee`, `idDivisions_DIVISIONS`, `domicile`, `exterieur`, `idNiveaux_NIVEAUX`) VALUES
(1139, -1, -1, 0, 0, 0, '2019-09-08 13:00:00', 1, 1, 7, 285, 289, 1),
(1140, -1, -1, 0, 0, 0, '2019-09-08 13:00:00', 1, 1, 7, 287, 291, 1),
(1141, -1, -1, 0, 0, 0, '2019-09-08 15:00:00', 1, 1, 7, 290, 282, 1),
(1142, -1, -1, 0, 0, 0, '2019-09-08 15:00:00', 1, 1, 7, 284, 288, 1),
(1143, -1, -1, 0, 0, 0, '2019-09-08 15:00:00', 1, 1, 7, 280, 286, 1),
(1144, -1, -1, 0, 0, 0, '2019-09-08 15:00:00', 1, 1, 7, 281, 283, 1),
(1145, -1, -1, 0, 0, 0, '2019-09-14 20:00:00', 1, 2, 7, 288, 285, 1),
(1146, -1, -1, 0, 0, 0, '2019-09-14 20:00:00', 1, 2, 7, 289, 281, 1),
(1147, -1, -1, 0, 0, 0, '2019-09-14 20:30:00', 1, 2, 7, 282, 284, 1),
(1148, -1, -1, 0, 0, 0, '2019-09-15 13:00:00', 1, 2, 7, 283, 280, 1),
(1149, -1, -1, 0, 0, 0, '2019-09-15 15:00:00', 1, 2, 7, 286, 287, 1),
(1150, -1, -1, 0, 0, 0, '2019-09-15 15:00:00', 1, 2, 7, 291, 290, 1),
(1151, -1, -1, 0, 0, 0, '2019-09-22 13:00:00', 1, 3, 7, 283, 286, 1),
(1152, -1, -1, 0, 0, 0, '2019-09-22 13:00:00', 1, 3, 7, 281, 288, 1),
(1153, -1, -1, 0, 0, 0, '2019-09-22 15:00:00', 1, 3, 7, 290, 287, 1),
(1154, -1, -1, 0, 0, 0, '2019-09-22 15:00:00', 1, 3, 7, 284, 291, 1),
(1155, -1, -1, 0, 0, 0, '2019-09-22 15:00:00', 1, 3, 7, 280, 289, 1),
(1156, -1, -1, 0, 0, 0, '2019-09-22 15:00:00', 1, 3, 7, 285, 282, 1),
(1157, -1, -1, 0, 0, 0, '2019-09-28 20:00:00', 1, 4, 7, 289, 283, 1),
(1158, -1, -1, 0, 0, 0, '2019-09-28 20:00:00', 1, 4, 7, 288, 280, 1),
(1159, -1, -1, 0, 0, 0, '2019-09-28 20:30:00', 1, 4, 7, 282, 281, 1),
(1160, -1, -1, 0, 0, 0, '2019-09-29 13:00:00', 1, 4, 7, 287, 284, 1),
(1161, -1, -1, 0, 0, 0, '2019-09-29 15:00:00', 1, 4, 7, 286, 290, 1),
(1162, -1, -1, 0, 0, 0, '2019-09-29 15:00:00', 1, 4, 7, 291, 285, 1),
(1163, -1, -1, 0, 0, 0, '2019-10-05 20:00:00', 1, 5, 7, 289, 286, 1),
(1164, -1, -1, 0, 0, 0, '2019-10-06 13:00:00', 1, 5, 7, 285, 287, 1),
(1165, -1, -1, 0, 0, 0, '2019-10-06 13:00:00', 1, 5, 7, 280, 282, 1),
(1166, -1, -1, 0, 0, 0, '2019-10-06 15:00:00', 1, 5, 7, 281, 291, 1),
(1167, -1, -1, 0, 0, 0, '2019-10-06 15:00:00', 1, 5, 7, 284, 290, 1),
(1168, -1, -1, 0, 0, 0, '2019-10-06 15:00:00', 1, 5, 7, 283, 288, 1),
(1169, -1, -1, 0, 0, 0, '2019-10-19 20:00:00', 1, 6, 7, 288, 289, 1),
(1170, -1, -1, 0, 0, 0, '2019-10-19 20:30:00', 1, 6, 7, 282, 283, 1),
(1171, -1, -1, 0, 0, 0, '2019-10-20 13:00:00', 1, 6, 7, 287, 281, 1),
(1172, -1, -1, 0, 0, 0, '2019-10-20 15:00:00', 1, 6, 7, 286, 284, 1),
(1173, -1, -1, 0, 0, 0, '2019-10-20 15:00:00', 1, 6, 7, 291, 280, 1),
(1174, -1, -1, 0, 0, 0, '2019-10-20 15:00:00', 1, 6, 7, 290, 285, 1),
(1175, -1, -1, 0, 0, 0, '2019-11-03 15:00:00', 1, 7, 7, 281, 290, 1),
(1176, -1, -1, 0, 0, 0, '2019-11-03 15:00:00', 1, 7, 7, 280, 287, 1),
(1177, -1, -1, 0, 0, 0, '2019-11-03 15:00:00', 1, 7, 7, 286, 288, 1),
(1178, -1, -1, 0, 0, 0, '2019-11-16 20:00:00', 1, 7, 7, 282, 289, 1),
(1179, -1, -1, 0, 0, 0, '2019-12-15 13:00:00', 1, 7, 7, 285, 284, 1),
(1180, -1, -1, 0, 0, 0, '2019-12-15 15:00:00', 1, 7, 7, 283, 291, 1),
(1181, -1, -1, 0, 0, 0, '2019-11-10 13:00:00', 1, 8, 7, 287, 283, 1),
(1182, -1, -1, 0, 0, 0, '2019-11-10 15:00:00', 1, 8, 7, 285, 286, 1),
(1183, -1, -1, 0, 0, 0, '2019-11-10 15:00:00', 1, 8, 7, 291, 289, 1),
(1184, -1, -1, 0, 0, 0, '2019-11-10 15:00:00', 1, 8, 7, 284, 281, 1),
(1185, -1, -1, 0, 0, 0, '2019-12-14 20:30:00', 1, 8, 7, 282, 288, 1),
(1186, -1, -1, 0, 0, 0, '2019-12-15 15:00:00', 1, 8, 7, 290, 280, 1),
(1187, -1, -1, 0, 0, 0, '2019-11-23 20:00:00', 1, 9, 7, 289, 287, 1),
(1188, -1, -1, 0, 0, 0, '2019-11-23 20:00:00', 1, 9, 7, 288, 291, 1),
(1189, -1, -1, 0, 0, 0, '2019-11-24 13:00:00', 1, 9, 7, 283, 290, 1),
(1190, -1, -1, 0, 0, 0, '2019-11-24 13:00:00', 1, 9, 7, 280, 284, 1),
(1191, -1, -1, 0, 0, 0, '2019-11-24 15:00:00', 1, 9, 7, 281, 285, 1),
(1192, -1, -1, 0, 0, 0, '2019-11-24 15:00:00', 1, 9, 7, 286, 282, 1),
(1193, -1, -1, 0, 0, 0, '2019-12-01 13:00:00', 1, 10, 7, 285, 283, 1),
(1194, -1, -1, 0, 0, 0, '2019-12-01 13:00:00', 1, 10, 7, 287, 282, 1),
(1195, -1, -1, 0, 0, 0, '2019-12-01 15:00:00', 1, 10, 7, 281, 280, 1),
(1196, -1, -1, 0, 0, 0, '2019-12-01 15:00:00', 1, 10, 7, 291, 286, 1),
(1197, -1, -1, 0, 0, 0, '2019-12-01 15:00:00', 1, 10, 7, 290, 288, 1),
(1198, -1, -1, 0, 0, 0, '2019-12-01 15:00:00', 1, 10, 7, 284, 289, 1),
(1199, -1, -1, 0, 0, 0, '2019-12-07 20:00:00', 1, 11, 7, 289, 290, 1),
(1200, -1, -1, 0, 0, 0, '2019-12-07 20:00:00', 1, 11, 7, 282, 291, 1),
(1201, -1, -1, 0, 0, 0, '2019-12-08 13:00:00', 1, 11, 7, 283, 284, 1),
(1202, -1, -1, 0, 0, 0, '2019-12-08 15:00:00', 1, 11, 7, 287, 288, 1),
(1203, -1, -1, 0, 0, 0, '2019-12-08 15:00:00', 1, 11, 7, 285, 280, 1),
(1204, -1, -1, 0, 0, 0, '2019-12-08 15:00:00', 1, 11, 7, 286, 281, 1),
(1205, -1, -1, 0, 0, 0, '2020-02-01 20:00:00', 1, 12, 7, 288, 284, 1),
(1206, -1, -1, 0, 0, 0, '2020-02-02 13:00:00', 1, 12, 7, 283, 281, 1),
(1207, -1, -1, 0, 0, 0, '2020-02-02 15:00:00', 1, 12, 7, 286, 280, 1),
(1208, -1, -1, 0, 0, 0, '2020-02-02 15:00:00', 1, 12, 7, 289, 285, 1),
(1209, -1, -1, 0, 0, 0, '2020-02-02 15:00:00', 1, 12, 7, 282, 290, 1),
(1210, -1, -1, 0, 0, 0, '2020-02-02 15:00:00', 1, 12, 7, 291, 287, 1),
(1211, -1, -1, 0, 0, 0, '2020-02-09 13:00:00', 1, 13, 7, 285, 288, 1),
(1212, -1, -1, 0, 0, 0, '2020-02-09 13:00:00', 1, 13, 7, 287, 286, 1),
(1213, -1, -1, 0, 0, 0, '2020-02-09 15:00:00', 1, 13, 7, 284, 282, 1),
(1214, -1, -1, 0, 0, 0, '2020-02-09 15:00:00', 1, 13, 7, 281, 289, 1),
(1215, -1, -1, 0, 0, 0, '2020-02-09 15:00:00', 1, 13, 7, 290, 291, 1),
(1216, -1, -1, 0, 0, 0, '2020-02-09 15:00:00', 1, 13, 7, 280, 283, 1),
(1217, -1, -1, 0, 0, 0, '2020-02-22 20:00:00', 1, 14, 7, 288, 281, 1),
(1218, -1, -1, 0, 0, 0, '2020-02-23 13:00:00', 1, 14, 7, 287, 290, 1),
(1219, -1, -1, 0, 0, 0, '2020-02-23 15:00:00', 1, 14, 7, 291, 284, 1),
(1220, -1, -1, 0, 0, 0, '2020-02-23 15:00:00', 1, 14, 7, 282, 285, 1),
(1221, -1, -1, 0, 0, 0, '2020-02-23 15:00:00', 1, 14, 7, 286, 283, 1),
(1222, -1, -1, 0, 0, 0, '2020-02-23 15:00:00', 1, 14, 7, 289, 280, 1),
(1223, -1, -1, 0, 0, 0, '2020-03-01 13:00:00', 1, 15, 7, 283, 289, 1),
(1224, -1, -1, 0, 0, 0, '2020-03-01 13:00:00', 1, 15, 7, 285, 291, 1),
(1225, -1, -1, 0, 0, 0, '2020-03-01 15:00:00', 1, 15, 7, 290, 286, 1),
(1226, -1, -1, 0, 0, 0, '2020-03-01 15:00:00', 1, 15, 7, 281, 282, 1),
(1227, -1, -1, 0, 0, 0, '2020-03-01 15:00:00', 1, 15, 7, 280, 288, 1),
(1228, -1, -1, 0, 0, 0, '2020-03-01 15:00:00', 1, 15, 7, 284, 287, 1),
(1229, -1, -1, 0, 0, 0, '2020-03-07 20:00:00', 1, 16, 7, 288, 283, 1),
(1230, -1, -1, 0, 0, 0, '2020-03-07 20:00:00', 1, 16, 7, 282, 280, 1),
(1231, -1, -1, 0, 0, 0, '2020-03-08 13:00:00', 1, 16, 7, 287, 285, 1),
(1232, -1, -1, 0, 0, 0, '2020-03-08 15:00:00', 1, 16, 7, 290, 284, 1),
(1233, -1, -1, 0, 0, 0, '2020-03-08 15:00:00', 1, 16, 7, 286, 289, 1),
(1234, -1, -1, 0, 0, 0, '2020-03-08 15:00:00', 1, 16, 7, 291, 281, 1),
(1235, -1, -1, 0, 0, 0, '2020-03-21 20:00:00', 1, 17, 7, 289, 288, 1),
(1236, -1, -1, 0, 0, 0, '2020-03-22 13:00:00', 1, 17, 7, 283, 282, 1),
(1237, -1, -1, 0, 0, 0, '2020-03-22 13:00:00', 1, 17, 7, 285, 290, 1),
(1238, -1, -1, 0, 0, 0, '2020-03-22 15:00:00', 1, 17, 7, 280, 291, 1),
(1239, -1, -1, 0, 0, 0, '2020-03-22 15:00:00', 1, 17, 7, 281, 287, 1),
(1240, -1, -1, 0, 0, 0, '2020-03-22 15:00:00', 1, 17, 7, 284, 286, 1),
(1241, -1, -1, 0, 0, 0, '2020-03-28 20:00:00', 1, 18, 7, 288, 286, 1),
(1242, -1, -1, 0, 0, 0, '2020-03-29 13:00:00', 1, 18, 7, 287, 280, 1),
(1243, -1, -1, 0, 0, 0, '2020-03-29 15:00:00', 1, 18, 7, 284, 285, 1),
(1244, -1, -1, 0, 0, 0, '2020-03-29 15:00:00', 1, 18, 7, 290, 281, 1),
(1245, -1, -1, 0, 0, 0, '2020-03-29 15:00:00', 1, 18, 7, 291, 283, 1),
(1246, -1, -1, 0, 0, 0, '2020-03-29 15:00:00', 1, 18, 7, 289, 282, 1),
(1247, -1, -1, 0, 0, 0, '2020-04-18 20:00:00', 1, 19, 7, 288, 282, 1),
(1248, -1, -1, 0, 0, 0, '2020-04-18 20:00:00', 1, 19, 7, 289, 291, 1),
(1249, -1, -1, 0, 0, 0, '2020-04-19 13:00:00', 1, 19, 7, 281, 284, 1),
(1250, -1, -1, 0, 0, 0, '2020-04-19 13:00:00', 1, 19, 7, 283, 287, 1),
(1251, -1, -1, 0, 0, 0, '2020-04-19 15:00:00', 1, 19, 7, 286, 285, 1),
(1252, -1, -1, 0, 0, 0, '2020-04-19 15:00:00', 1, 19, 7, 280, 290, 1),
(1253, -1, -1, 0, 0, 0, '2020-04-26 13:00:00', 1, 20, 7, 285, 281, 1),
(1254, -1, -1, 0, 0, 0, '2020-04-26 13:00:00', 1, 20, 7, 287, 289, 1),
(1255, -1, -1, 0, 0, 0, '2020-04-26 15:00:00', 1, 20, 7, 290, 283, 1),
(1256, -1, -1, 0, 0, 0, '2020-04-26 15:00:00', 1, 20, 7, 282, 286, 1),
(1257, -1, -1, 0, 0, 0, '2020-04-26 15:00:00', 1, 20, 7, 291, 288, 1),
(1258, -1, -1, 0, 0, 0, '2020-04-26 15:00:00', 1, 20, 7, 284, 280, 1),
(1259, -1, -1, 0, 0, 0, '2020-05-02 20:00:00', 1, 21, 7, 289, 284, 1),
(1260, -1, -1, 0, 0, 0, '2020-05-02 20:00:00', 1, 21, 7, 288, 290, 1),
(1261, -1, -1, 0, 0, 0, '2020-05-03 13:00:00', 1, 21, 7, 280, 281, 1),
(1262, -1, -1, 0, 0, 0, '2020-05-03 13:00:00', 1, 21, 7, 283, 285, 1),
(1263, -1, -1, 0, 0, 0, '2020-05-03 15:00:00', 1, 21, 7, 282, 287, 1),
(1264, -1, -1, 0, 0, 0, '2020-05-03 15:00:00', 1, 21, 7, 286, 291, 1),
(1265, -1, -1, 0, 0, 0, '2020-05-17 15:00:00', 1, 22, 7, 284, 283, 1),
(1266, -1, -1, 0, 0, 0, '2020-05-17 15:00:00', 1, 22, 7, 290, 289, 1),
(1267, -1, -1, 0, 0, 0, '2020-05-17 15:00:00', 1, 22, 7, 281, 286, 1),
(1268, -1, -1, 0, 0, 0, '2020-05-17 15:00:00', 1, 22, 7, 291, 282, 1),
(1269, -1, -1, 0, 0, 0, '2020-05-17 15:00:00', 1, 22, 7, 288, 287, 1),
(1270, -1, -1, 0, 0, 0, '2020-05-17 15:00:00', 1, 22, 7, 280, 285, 1),
(1271, -1, -1, 0, 0, 0, '2019-09-07 18:00:00', 1, 1, 4, 301, 303, 2),
(1272, -1, -1, 0, 0, 0, '2019-09-07 18:00:00', 1, 1, 4, 296, 298, 2),
(1273, -1, -1, 0, 0, 0, '2019-09-07 18:30:00', 1, 1, 4, 292, 295, 2),
(1274, -1, -1, 0, 0, 0, '2019-09-07 19:00:00', 1, 1, 4, 293, 302, 2),
(1275, -1, -1, 0, 0, 0, '2019-09-07 20:00:00', 1, 1, 4, 300, 297, 2),
(1276, -1, -1, 0, 0, 0, '2019-09-08 15:00:00', 1, 1, 4, 294, 299, 2),
(1277, -1, -1, 0, 0, 0, '2019-09-21 18:00:00', 1, 2, 4, 298, 301, 2),
(1278, -1, -1, 0, 0, 0, '2019-09-21 18:00:00', 1, 2, 4, 302, 300, 2),
(1279, -1, -1, 0, 0, 0, '2019-09-21 18:00:00', 1, 2, 4, 303, 293, 2),
(1280, -1, -1, 0, 0, 0, '2019-09-21 18:00:00', 1, 2, 4, 299, 295, 2),
(1281, -1, -1, 0, 0, 0, '2019-09-21 20:00:00', 1, 2, 4, 297, 292, 2),
(1282, -1, -1, 0, 0, 0, '2019-09-22 15:00:00', 1, 2, 4, 294, 296, 2),
(1283, -1, -1, 0, 0, 0, '2019-10-05 18:00:00', 1, 3, 4, 300, 303, 2),
(1284, -1, -1, 0, 0, 0, '2019-10-05 18:00:00', 1, 3, 4, 301, 294, 2),
(1285, -1, -1, 0, 0, 0, '2019-10-05 18:30:00', 1, 3, 4, 292, 302, 2),
(1286, -1, -1, 0, 0, 0, '2019-10-05 19:00:00', 1, 3, 4, 293, 298, 2),
(1287, -1, -1, 0, 0, 0, '2019-10-05 19:00:00', 1, 3, 4, 296, 299, 2),
(1288, -1, -1, 0, 0, 0, '2019-10-05 20:00:00', 1, 3, 4, 295, 297, 2),
(1289, -1, -1, 0, 0, 0, '2019-10-19 18:00:00', 1, 4, 4, 302, 295, 2),
(1290, -1, -1, 0, 0, 0, '2019-10-19 18:00:00', 1, 4, 4, 298, 300, 2),
(1291, -1, -1, 0, 0, 0, '2019-10-19 18:00:00', 1, 4, 4, 303, 292, 2),
(1292, -1, -1, 0, 0, 0, '2019-10-19 19:00:00', 1, 4, 4, 296, 301, 2),
(1293, -1, -1, 0, 0, 0, '2019-10-19 20:00:00', 1, 4, 4, 299, 297, 2),
(1294, -1, -1, 0, 0, 0, '2019-10-20 15:00:00', 1, 4, 4, 294, 293, 2),
(1295, -1, -1, 0, 0, 0, '2019-11-02 18:00:00', 1, 5, 4, 301, 299, 2),
(1296, -1, -1, 0, 0, 0, '2019-11-02 18:00:00', 1, 5, 4, 295, 303, 2),
(1297, -1, -1, 0, 0, 0, '2019-11-02 18:00:00', 1, 5, 4, 300, 294, 2),
(1298, -1, -1, 0, 0, 0, '2019-11-02 18:30:00', 1, 5, 4, 292, 298, 2),
(1299, -1, -1, 0, 0, 0, '2019-11-02 20:00:00', 1, 5, 4, 293, 296, 2),
(1300, -1, -1, 0, 0, 0, '2019-11-02 20:00:00', 1, 5, 4, 297, 302, 2),
(1301, -1, -1, 0, 0, 0, '2019-11-09 18:00:00', 1, 6, 4, 303, 297, 2),
(1302, -1, -1, 0, 0, 0, '2019-11-10 15:00:00', 1, 6, 4, 294, 292, 2),
(1303, -1, -1, 0, 0, 0, '2019-11-16 20:00:00', 1, 6, 4, 301, 293, 2),
(1304, -1, -1, 0, 0, 0, '2019-12-21 18:00:00', 1, 6, 4, 298, 295, 2),
(1305, -1, -1, 0, 0, 0, '2019-12-21 18:00:00', 1, 6, 4, 299, 302, 2),
(1306, -1, -1, 0, 0, 0, '2019-12-21 19:00:00', 1, 6, 4, 296, 300, 2),
(1307, -1, -1, 0, 0, 0, '2019-11-23 18:00:00', 1, 7, 4, 295, 294, 2),
(1308, -1, -1, 0, 0, 0, '2019-11-23 18:00:00', 1, 7, 4, 300, 301, 2),
(1309, -1, -1, 0, 0, 0, '2019-11-23 18:00:00', 1, 7, 4, 302, 303, 2),
(1310, -1, -1, 0, 0, 0, '2019-11-23 19:00:00', 1, 7, 4, 293, 299, 2),
(1311, -1, -1, 0, 0, 0, '2019-11-23 20:00:00', 1, 7, 4, 292, 296, 2),
(1312, -1, -1, 0, 0, 0, '2019-11-23 20:00:00', 1, 7, 4, 297, 298, 2),
(1313, -1, -1, 0, 0, 0, '2019-11-30 18:00:00', 1, 8, 4, 299, 303, 2),
(1314, -1, -1, 0, 0, 0, '2019-11-30 18:00:00', 1, 8, 4, 301, 292, 2),
(1315, -1, -1, 0, 0, 0, '2019-11-30 18:00:00', 1, 8, 4, 298, 302, 2),
(1316, -1, -1, 0, 0, 0, '2019-11-30 19:00:00', 1, 8, 4, 293, 300, 2),
(1317, -1, -1, 0, 0, 0, '2019-11-30 20:00:00', 1, 8, 4, 296, 295, 2),
(1318, -1, -1, 0, 0, 0, '2019-12-01 15:00:00', 1, 8, 4, 294, 297, 2),
(1319, -1, -1, 0, 0, 0, '2019-12-07 18:00:00', 1, 9, 4, 295, 301, 2),
(1320, -1, -1, 0, 0, 0, '2019-12-07 18:00:00', 1, 9, 4, 303, 298, 2),
(1321, -1, -1, 0, 0, 0, '2019-12-07 18:00:00', 1, 9, 4, 302, 294, 2),
(1322, -1, -1, 0, 0, 0, '2019-12-07 18:00:00', 1, 9, 4, 300, 299, 2),
(1323, -1, -1, 0, 0, 0, '2019-12-07 18:30:00', 1, 9, 4, 292, 293, 2),
(1324, -1, -1, 0, 0, 0, '2019-12-07 20:00:00', 1, 9, 4, 297, 296, 2),
(1325, -1, -1, 0, 0, 0, '2019-12-14 18:00:00', 1, 10, 4, 300, 292, 2),
(1326, -1, -1, 0, 0, 0, '2019-12-14 18:00:00', 1, 10, 4, 299, 298, 2),
(1327, -1, -1, 0, 0, 0, '2019-12-14 19:00:00', 1, 10, 4, 293, 295, 2),
(1328, -1, -1, 0, 0, 0, '2019-12-14 20:00:00', 1, 10, 4, 296, 302, 2),
(1329, -1, -1, 0, 0, 0, '2019-12-14 20:00:00', 1, 10, 4, 301, 297, 2),
(1330, -1, -1, 0, 0, 0, '2019-12-15 15:00:00', 1, 10, 4, 294, 303, 2),
(1331, -1, -1, 0, 0, 0, '2020-01-18 20:00:00', 1, 11, 4, 299, 292, 2),
(1332, -1, -1, 0, 0, 0, '2020-01-18 20:00:00', 1, 11, 4, 297, 293, 2),
(1333, -1, -1, 0, 0, 0, '2020-01-18 20:00:00', 1, 11, 4, 295, 300, 2),
(1334, -1, -1, 0, 0, 0, '2020-01-18 20:00:00', 1, 11, 4, 298, 294, 2),
(1335, -1, -1, 0, 0, 0, '2020-01-18 20:00:00', 1, 11, 4, 303, 296, 2),
(1336, -1, -1, 0, 0, 0, '2020-01-18 20:00:00', 1, 11, 4, 302, 301, 2),
(1337, -1, -1, 0, 0, 0, '2020-02-01 20:00:00', 1, 12, 4, 292, 297, 2),
(1338, -1, -1, 0, 0, 0, '2020-02-01 20:00:00', 1, 12, 4, 293, 303, 2),
(1339, -1, -1, 0, 0, 0, '2020-02-01 20:00:00', 1, 12, 4, 300, 302, 2),
(1340, -1, -1, 0, 0, 0, '2020-02-01 20:00:00', 1, 12, 4, 295, 299, 2),
(1341, -1, -1, 0, 0, 0, '2020-02-01 20:00:00', 1, 12, 4, 296, 294, 2),
(1342, -1, -1, 0, 0, 0, '2020-02-01 20:00:00', 1, 12, 4, 301, 298, 2),
(1343, -1, -1, 0, 0, 0, '2020-02-08 20:00:00', 1, 13, 4, 302, 292, 2),
(1344, -1, -1, 0, 0, 0, '2020-02-08 20:00:00', 1, 13, 4, 297, 295, 2),
(1345, -1, -1, 0, 0, 0, '2020-02-08 20:00:00', 1, 13, 4, 303, 300, 2),
(1346, -1, -1, 0, 0, 0, '2020-02-08 20:00:00', 1, 13, 4, 298, 293, 2),
(1347, -1, -1, 0, 0, 0, '2020-02-08 20:00:00', 1, 13, 4, 299, 296, 2),
(1348, -1, -1, 0, 0, 0, '2020-02-09 15:00:00', 1, 13, 4, 294, 301, 2),
(1349, -1, -1, 0, 0, 0, '2020-02-29 20:00:00', 1, 14, 4, 295, 302, 2),
(1350, -1, -1, 0, 0, 0, '2020-02-29 20:00:00', 1, 14, 4, 292, 303, 2),
(1351, -1, -1, 0, 0, 0, '2020-02-29 20:00:00', 1, 14, 4, 301, 296, 2),
(1352, -1, -1, 0, 0, 0, '2020-02-29 20:00:00', 1, 14, 4, 300, 298, 2),
(1353, -1, -1, 0, 0, 0, '2020-02-29 20:00:00', 1, 14, 4, 293, 294, 2),
(1354, -1, -1, 0, 0, 0, '2020-02-29 20:00:00', 1, 14, 4, 297, 299, 2),
(1355, -1, -1, 0, 0, 0, '2020-03-07 20:00:00', 1, 15, 4, 298, 292, 2),
(1356, -1, -1, 0, 0, 0, '2020-03-07 20:00:00', 1, 15, 4, 302, 297, 2),
(1357, -1, -1, 0, 0, 0, '2020-03-07 20:00:00', 1, 15, 4, 299, 301, 2),
(1358, -1, -1, 0, 0, 0, '2020-03-07 20:00:00', 1, 15, 4, 296, 293, 2),
(1359, -1, -1, 0, 0, 0, '2020-03-07 20:00:00', 1, 15, 4, 303, 295, 2),
(1360, -1, -1, 0, 0, 0, '2020-03-08 15:00:00', 1, 15, 4, 294, 300, 2),
(1361, -1, -1, 0, 0, 0, '2020-03-14 20:00:00', 1, 16, 4, 300, 296, 2),
(1362, -1, -1, 0, 0, 0, '2020-03-14 20:00:00', 1, 16, 4, 297, 303, 2),
(1363, -1, -1, 0, 0, 0, '2020-03-14 20:00:00', 1, 16, 4, 292, 294, 2),
(1364, -1, -1, 0, 0, 0, '2020-03-14 20:00:00', 1, 16, 4, 295, 298, 2),
(1365, -1, -1, 0, 0, 0, '2020-03-14 20:00:00', 1, 16, 4, 293, 301, 2),
(1366, -1, -1, 0, 0, 0, '2020-03-14 20:00:00', 1, 16, 4, 302, 299, 2),
(1367, -1, -1, 0, 0, 0, '2020-03-28 20:00:00', 1, 17, 4, 296, 292, 2),
(1368, -1, -1, 0, 0, 0, '2020-03-28 20:00:00', 1, 17, 4, 298, 297, 2),
(1369, -1, -1, 0, 0, 0, '2020-03-28 20:00:00', 1, 17, 4, 303, 302, 2),
(1370, -1, -1, 0, 0, 0, '2020-03-28 20:00:00', 1, 17, 4, 299, 293, 2),
(1371, -1, -1, 0, 0, 0, '2020-03-28 20:00:00', 1, 17, 4, 301, 300, 2),
(1372, -1, -1, 0, 0, 0, '2020-03-29 15:00:00', 1, 17, 4, 294, 295, 2),
(1373, -1, -1, 0, 0, 0, '2020-04-18 20:00:00', 1, 18, 4, 300, 293, 2),
(1374, -1, -1, 0, 0, 0, '2020-04-18 20:00:00', 1, 18, 4, 295, 296, 2),
(1375, -1, -1, 0, 0, 0, '2020-04-18 20:00:00', 1, 18, 4, 292, 301, 2),
(1376, -1, -1, 0, 0, 0, '2020-04-18 20:00:00', 1, 18, 4, 303, 299, 2),
(1377, -1, -1, 0, 0, 0, '2020-04-18 20:00:00', 1, 18, 4, 297, 294, 2),
(1378, -1, -1, 0, 0, 0, '2020-04-18 20:00:00', 1, 18, 4, 302, 298, 2),
(1379, -1, -1, 0, 0, 0, '2020-04-25 20:00:00', 1, 19, 4, 293, 292, 2),
(1380, -1, -1, 0, 0, 0, '2020-04-25 20:00:00', 1, 19, 4, 301, 295, 2),
(1381, -1, -1, 0, 0, 0, '2020-04-25 20:00:00', 1, 19, 4, 299, 300, 2),
(1382, -1, -1, 0, 0, 0, '2020-04-25 20:00:00', 1, 19, 4, 296, 297, 2),
(1383, -1, -1, 0, 0, 0, '2020-04-25 20:00:00', 1, 19, 4, 298, 303, 2),
(1384, -1, -1, 0, 0, 0, '2020-04-26 15:00:00', 1, 19, 4, 294, 302, 2),
(1385, -1, -1, 0, 0, 0, '2020-05-02 20:00:00', 1, 20, 4, 297, 301, 2),
(1386, -1, -1, 0, 0, 0, '2020-05-02 20:00:00', 1, 20, 4, 295, 293, 2),
(1387, -1, -1, 0, 0, 0, '2020-05-02 20:00:00', 1, 20, 4, 292, 300, 2),
(1388, -1, -1, 0, 0, 0, '2020-05-02 20:00:00', 1, 20, 4, 302, 296, 2),
(1389, -1, -1, 0, 0, 0, '2020-05-02 20:00:00', 1, 20, 4, 298, 299, 2),
(1390, -1, -1, 0, 0, 0, '2020-05-02 20:00:00', 1, 20, 4, 303, 294, 2),
(1391, -1, -1, 0, 0, 0, '2020-05-17 15:00:00', 1, 21, 4, 293, 297, 2),
(1392, -1, -1, 0, 0, 0, '2020-05-17 15:00:00', 1, 21, 4, 300, 295, 2),
(1393, -1, -1, 0, 0, 0, '2020-05-17 15:00:00', 1, 21, 4, 292, 299, 2),
(1394, -1, -1, 0, 0, 0, '2020-05-17 15:00:00', 1, 21, 4, 296, 303, 2),
(1395, -1, -1, 0, 0, 0, '2020-05-17 15:00:00', 1, 21, 4, 301, 302, 2),
(1396, -1, -1, 0, 0, 0, '2020-05-17 15:00:00', 1, 21, 4, 294, 298, 2),
(1397, -1, -1, 0, 0, 0, '2020-05-24 15:00:00', 1, 22, 4, 295, 292, 2),
(1398, -1, -1, 0, 0, 0, '2020-05-24 15:00:00', 1, 22, 4, 302, 293, 2),
(1399, -1, -1, 0, 0, 0, '2020-05-24 15:00:00', 1, 22, 4, 297, 300, 2),
(1400, -1, -1, 0, 0, 0, '2020-05-24 15:00:00', 1, 22, 4, 299, 294, 2),
(1401, -1, -1, 0, 0, 0, '2020-05-24 15:00:00', 1, 22, 4, 298, 296, 2),
(1402, -1, -1, 0, 0, 0, '2020-05-24 15:00:00', 1, 22, 4, 303, 301, 2),
(1403, -1, -1, 0, 0, 0, '2019-09-07 17:00:00', 1, 1, 1, 304, 314, 1),
(1404, -1, -1, 0, 0, 0, '2019-09-07 18:00:00', 1, 1, 1, 312, 315, 1),
(1405, -1, -1, 0, 0, 0, '2019-09-07 20:00:00', 1, 1, 1, 305, 307, 1),
(1406, -1, -1, 0, 0, 0, '2019-09-07 20:00:00', 1, 1, 1, 311, 313, 1),
(1407, -1, -1, 0, 0, 0, '2019-09-08 15:00:00', 1, 1, 1, 306, 309, 1),
(1408, -1, -1, 0, 0, 0, '2019-09-08 15:00:00', 1, 1, 1, 310, 308, 1),
(1409, -1, -1, 0, 0, 0, '2019-09-20 20:30:00', 1, 2, 1, 313, 312, 1),
(1410, -1, -1, 0, 0, 0, '2019-09-21 20:00:00', 1, 2, 1, 309, 305, 1),
(1411, -1, -1, 0, 0, 0, '2019-09-21 20:00:00', 1, 2, 1, 307, 314, 1),
(1412, -1, -1, 0, 0, 0, '2019-09-21 20:00:00', 1, 2, 1, 308, 306, 1),
(1413, -1, -1, 0, 0, 0, '2019-09-22 15:00:00', 1, 2, 1, 304, 311, 1),
(1414, -1, -1, 0, 0, 0, '2019-09-22 15:00:00', 1, 2, 1, 315, 310, 1),
(1415, -1, -1, 0, 0, 0, '2019-10-05 20:00:00', 1, 3, 1, 311, 307, 1),
(1416, -1, -1, 0, 0, 0, '2019-10-05 20:00:00', 1, 3, 1, 304, 313, 1),
(1417, -1, -1, 0, 0, 0, '2019-10-05 20:00:00', 1, 3, 1, 310, 312, 1),
(1418, -1, -1, 0, 0, 0, '2019-10-05 20:30:00', 1, 3, 1, 305, 308, 1),
(1419, -1, -1, 0, 0, 0, '2019-10-06 15:00:00', 1, 3, 1, 314, 309, 1),
(1420, -1, -1, 0, 0, 0, '2019-10-06 15:00:00', 1, 3, 1, 306, 315, 1),
(1421, -1, -1, 0, 0, 0, '2019-10-19 18:00:00', 1, 4, 1, 307, 304, 1),
(1422, -1, -1, 0, 0, 0, '2019-10-19 20:00:00', 1, 4, 1, 309, 311, 1),
(1423, -1, -1, 0, 0, 0, '2019-10-19 20:00:00', 1, 4, 1, 308, 314, 1),
(1424, -1, -1, 0, 0, 0, '2019-10-19 20:00:00', 1, 4, 1, 312, 306, 1),
(1425, -1, -1, 0, 0, 0, '2019-10-20 15:00:00', 1, 4, 1, 313, 310, 1),
(1426, -1, -1, 0, 0, 0, '2019-10-20 15:00:00', 1, 4, 1, 315, 305, 1),
(1427, -1, -1, 0, 0, 0, '2019-11-02 20:00:00', 1, 5, 1, 311, 308, 1),
(1428, -1, -1, 0, 0, 0, '2019-11-02 20:00:00', 1, 5, 1, 305, 312, 1),
(1429, -1, -1, 0, 0, 0, '2019-11-02 20:00:00', 1, 5, 1, 314, 315, 1),
(1430, -1, -1, 0, 0, 0, '2019-11-02 20:00:00', 1, 5, 1, 304, 309, 1),
(1431, -1, -1, 0, 0, 0, '2019-11-02 20:00:00', 1, 5, 1, 307, 313, 1),
(1432, -1, -1, 0, 0, 0, '2019-11-03 15:00:00', 1, 5, 1, 306, 310, 1),
(1433, -1, -1, 0, 0, 0, '2019-11-09 20:00:00', 1, 6, 1, 312, 314, 1),
(1434, -1, -1, 0, 0, 0, '2019-11-09 20:00:00', 1, 6, 1, 309, 307, 1),
(1435, -1, -1, 0, 0, 0, '2019-11-09 20:00:00', 1, 6, 1, 308, 304, 1),
(1436, -1, -1, 0, 0, 0, '2019-11-09 20:00:00', 1, 6, 1, 310, 305, 1),
(1437, -1, -1, 0, 0, 0, '2019-11-10 15:00:00', 1, 6, 1, 315, 311, 1),
(1438, -1, -1, 0, 0, 0, '2019-11-10 15:00:00', 1, 6, 1, 313, 306, 1),
(1439, -1, -1, 0, 0, 0, '2019-11-23 20:00:00', 1, 7, 1, 307, 308, 1),
(1440, -1, -1, 0, 0, 0, '2019-11-23 20:00:00', 1, 7, 1, 305, 306, 1),
(1441, -1, -1, 0, 0, 0, '2019-11-23 20:00:00', 1, 7, 1, 311, 312, 1),
(1442, -1, -1, 0, 0, 0, '2019-11-23 20:00:00', 1, 7, 1, 304, 315, 1),
(1443, -1, -1, 0, 0, 0, '2019-11-24 15:00:00', 1, 7, 1, 313, 309, 1),
(1444, -1, -1, 0, 0, 0, '2019-11-24 15:00:00', 1, 7, 1, 314, 310, 1),
(1445, -1, -1, 0, 0, 0, '2019-11-30 20:00:00', 1, 8, 1, 308, 309, 1),
(1446, -1, -1, 0, 0, 0, '2019-11-30 20:00:00', 1, 8, 1, 312, 304, 1),
(1447, -1, -1, 0, 0, 0, '2019-11-30 20:00:00', 1, 8, 1, 310, 311, 1),
(1448, -1, -1, 0, 0, 0, '2019-12-01 15:00:00', 1, 8, 1, 315, 307, 1),
(1449, -1, -1, 0, 0, 0, '2019-12-01 15:00:00', 1, 8, 1, 306, 314, 1),
(1450, -1, -1, 0, 0, 0, '2019-12-01 15:00:00', 1, 8, 1, 305, 313, 1),
(1451, -1, -1, 0, 0, 0, '2019-12-07 20:00:00', 1, 9, 1, 309, 315, 1),
(1452, -1, -1, 0, 0, 0, '2019-12-07 20:00:00', 1, 9, 1, 304, 310, 1),
(1453, -1, -1, 0, 0, 0, '2019-12-07 20:00:00', 1, 9, 1, 311, 306, 1),
(1454, -1, -1, 0, 0, 0, '2019-12-07 20:00:00', 1, 9, 1, 307, 312, 1),
(1455, -1, -1, 0, 0, 0, '2019-12-08 15:00:00', 1, 9, 1, 313, 308, 1),
(1456, -1, -1, 0, 0, 0, '2019-12-08 15:00:00', 1, 9, 1, 314, 305, 1),
(1457, -1, -1, 0, 0, 0, '2019-12-14 20:00:00', 1, 10, 1, 312, 308, 1),
(1458, -1, -1, 0, 0, 0, '2019-12-14 20:00:00', 1, 10, 1, 310, 309, 1),
(1459, -1, -1, 0, 0, 0, '2019-12-15 15:00:00', 1, 10, 1, 306, 307, 1),
(1460, -1, -1, 0, 0, 0, '2019-12-15 15:00:00', 1, 10, 1, 315, 313, 1),
(1461, -1, -1, 0, 0, 0, '2019-12-15 15:00:00', 1, 10, 1, 305, 304, 1),
(1462, -1, -1, 0, 0, 0, '2019-12-15 15:00:00', 1, 10, 1, 314, 311, 1),
(1463, -1, -1, 0, 0, 0, '2020-01-11 20:00:00', 1, 11, 1, 304, 306, 1),
(1464, -1, -1, 0, 0, 0, '2020-01-11 20:00:00', 1, 11, 1, 309, 312, 1),
(1465, -1, -1, 0, 0, 0, '2020-01-11 20:00:00', 1, 11, 1, 308, 315, 1),
(1466, -1, -1, 0, 0, 0, '2020-01-11 20:00:00', 1, 11, 1, 307, 310, 1),
(1467, -1, -1, 0, 0, 0, '2020-01-12 15:00:00', 1, 11, 1, 313, 314, 1),
(1468, -1, -1, 0, 0, 0, '2020-01-12 15:00:00', 1, 11, 1, 311, 305, 1),
(1469, -1, -1, 0, 0, 0, '2020-02-01 20:00:00', 1, 12, 1, 314, 304, 1),
(1470, -1, -1, 0, 0, 0, '2020-02-01 20:00:00', 1, 12, 1, 308, 310, 1),
(1471, -1, -1, 0, 0, 0, '2020-02-01 20:00:00', 1, 12, 1, 309, 306, 1),
(1472, -1, -1, 0, 0, 0, '2020-02-01 20:00:00', 1, 12, 1, 313, 311, 1),
(1473, -1, -1, 0, 0, 0, '2020-02-01 20:00:00', 1, 12, 1, 307, 305, 1),
(1474, -1, -1, 0, 0, 0, '2020-02-02 15:00:00', 1, 12, 1, 315, 312, 1),
(1475, -1, -1, 0, 0, 0, '2020-02-08 20:00:00', 1, 13, 1, 310, 315, 1),
(1476, -1, -1, 0, 0, 0, '2020-02-08 20:00:00', 1, 13, 1, 312, 313, 1),
(1477, -1, -1, 0, 0, 0, '2020-02-08 20:00:00', 1, 13, 1, 314, 307, 1),
(1478, -1, -1, 0, 0, 0, '2020-02-09 15:00:00', 1, 13, 1, 305, 309, 1),
(1479, -1, -1, 0, 0, 0, '2020-02-09 15:00:00', 1, 13, 1, 311, 304, 1),
(1480, -1, -1, 0, 0, 0, '2020-02-09 15:00:00', 1, 13, 1, 306, 308, 1),
(1481, -1, -1, 0, 0, 0, '2020-02-22 20:00:00', 1, 14, 1, 308, 305, 1),
(1482, -1, -1, 0, 0, 0, '2020-02-22 20:00:00', 1, 14, 1, 307, 311, 1),
(1483, -1, -1, 0, 0, 0, '2020-02-22 20:00:00', 1, 14, 1, 312, 310, 1),
(1484, -1, -1, 0, 0, 0, '2020-02-22 20:00:00', 1, 14, 1, 309, 314, 1),
(1485, -1, -1, 0, 0, 0, '2020-02-22 20:00:00', 1, 14, 1, 313, 304, 1),
(1486, -1, -1, 0, 0, 0, '2020-02-23 15:00:00', 1, 14, 1, 315, 306, 1),
(1487, -1, -1, 0, 0, 0, '2020-02-29 20:00:00', 1, 15, 1, 305, 315, 1),
(1488, -1, -1, 0, 0, 0, '2020-02-29 20:00:00', 1, 15, 1, 314, 308, 1),
(1489, -1, -1, 0, 0, 0, '2020-02-29 20:00:00', 1, 15, 1, 311, 309, 1),
(1490, -1, -1, 0, 0, 0, '2020-02-29 20:00:00', 1, 15, 1, 310, 313, 1),
(1491, -1, -1, 0, 0, 0, '2020-02-29 20:00:00', 1, 15, 1, 304, 307, 1),
(1492, -1, -1, 0, 0, 0, '2020-03-01 15:00:00', 1, 15, 1, 306, 312, 1),
(1493, -1, -1, 0, 0, 0, '2020-03-07 20:00:00', 1, 16, 1, 308, 311, 1),
(1494, -1, -1, 0, 0, 0, '2020-03-07 20:00:00', 1, 16, 1, 310, 306, 1),
(1495, -1, -1, 0, 0, 0, '2020-03-07 20:00:00', 1, 16, 1, 313, 307, 1),
(1496, -1, -1, 0, 0, 0, '2020-03-07 20:00:00', 1, 16, 1, 309, 304, 1),
(1497, -1, -1, 0, 0, 0, '2020-03-07 20:00:00', 1, 16, 1, 312, 305, 1),
(1498, -1, -1, 0, 0, 0, '2020-03-08 15:00:00', 1, 16, 1, 315, 314, 1),
(1499, -1, -1, 0, 0, 0, '2020-03-21 20:00:00', 1, 17, 1, 311, 315, 1),
(1500, -1, -1, 0, 0, 0, '2020-03-21 20:00:00', 1, 17, 1, 314, 312, 1),
(1501, -1, -1, 0, 0, 0, '2020-03-21 20:00:00', 1, 17, 1, 305, 310, 1),
(1502, -1, -1, 0, 0, 0, '2020-03-21 20:00:00', 1, 17, 1, 307, 309, 1),
(1503, -1, -1, 0, 0, 0, '2020-03-21 20:00:00', 1, 17, 1, 304, 308, 1),
(1504, -1, -1, 0, 0, 0, '2020-03-22 15:00:00', 1, 17, 1, 306, 313, 1),
(1505, -1, -1, 0, 0, 0, '2020-03-28 20:00:00', 1, 18, 1, 308, 307, 1),
(1506, -1, -1, 0, 0, 0, '2020-03-28 20:00:00', 1, 18, 1, 309, 313, 1),
(1507, -1, -1, 0, 0, 0, '2020-03-28 20:00:00', 1, 18, 1, 310, 314, 1),
(1508, -1, -1, 0, 0, 0, '2020-03-28 20:00:00', 1, 18, 1, 312, 311, 1),
(1509, -1, -1, 0, 0, 0, '2020-03-29 15:00:00', 1, 18, 1, 315, 304, 1),
(1510, -1, -1, 0, 0, 0, '2020-03-29 15:00:00', 1, 18, 1, 306, 305, 1),
(1511, -1, -1, 0, 0, 0, '2020-04-18 20:00:00', 1, 19, 1, 309, 308, 1),
(1512, -1, -1, 0, 0, 0, '2020-04-18 20:00:00', 1, 19, 1, 307, 315, 1),
(1513, -1, -1, 0, 0, 0, '2020-04-18 20:00:00', 1, 19, 1, 304, 312, 1),
(1514, -1, -1, 0, 0, 0, '2020-04-18 20:00:00', 1, 19, 1, 313, 305, 1),
(1515, -1, -1, 0, 0, 0, '2020-04-18 20:00:00', 1, 19, 1, 314, 306, 1),
(1516, -1, -1, 0, 0, 0, '2020-04-18 20:00:00', 1, 19, 1, 311, 310, 1),
(1517, -1, -1, 0, 0, 0, '2020-04-25 20:00:00', 1, 20, 1, 312, 307, 1),
(1518, -1, -1, 0, 0, 0, '2020-04-25 20:00:00', 1, 20, 1, 310, 304, 1),
(1519, -1, -1, 0, 0, 0, '2020-04-25 20:00:00', 1, 20, 1, 305, 314, 1),
(1520, -1, -1, 0, 0, 0, '2020-04-25 20:00:00', 1, 20, 1, 308, 313, 1),
(1521, -1, -1, 0, 0, 0, '2020-04-26 15:00:00', 1, 20, 1, 306, 311, 1),
(1522, -1, -1, 0, 0, 0, '2020-04-26 15:00:00', 1, 20, 1, 315, 309, 1),
(1523, -1, -1, 0, 0, 0, '2020-05-02 20:00:00', 1, 21, 1, 308, 312, 1),
(1524, -1, -1, 0, 0, 0, '2020-05-02 20:00:00', 1, 21, 1, 304, 305, 1),
(1525, -1, -1, 0, 0, 0, '2020-05-02 20:00:00', 1, 21, 1, 311, 314, 1),
(1526, -1, -1, 0, 0, 0, '2020-05-02 20:00:00', 1, 21, 1, 307, 306, 1),
(1527, -1, -1, 0, 0, 0, '2020-05-02 20:00:00', 1, 21, 1, 313, 315, 1),
(1528, -1, -1, 0, 0, 0, '2020-05-02 20:00:00', 1, 21, 1, 309, 310, 1),
(1529, -1, -1, 0, 0, 0, '2020-05-17 15:00:00', 1, 22, 1, 315, 308, 1),
(1530, -1, -1, 0, 0, 0, '2020-05-17 15:00:00', 1, 22, 1, 314, 313, 1),
(1531, -1, -1, 0, 0, 0, '2020-05-17 15:00:00', 1, 22, 1, 312, 309, 1),
(1532, -1, -1, 0, 0, 0, '2020-05-17 15:00:00', 1, 22, 1, 306, 304, 1),
(1533, -1, -1, 0, 0, 0, '2020-05-17 15:00:00', 1, 22, 1, 305, 311, 1),
(1534, -1, -1, 0, 0, 0, '2020-05-17 15:00:00', 1, 22, 1, 310, 307, 1);

-- --------------------------------------------------------

--
-- Structure de la table `niveaux`
--

CREATE TABLE `niveaux` (
  `idNiveaux` int(11) NOT NULL,
  `libelle` varchar(255) NOT NULL
) ENGINE=InnoDB DEFAULT CHARSET=latin1;

--
-- Contenu de la table `niveaux`
--

INSERT INTO `niveaux` (`idNiveaux`, `libelle`) VALUES
(1, 'DISTRICT LOT FOOTBALL'),
(2, 'LIGUE DE FOOTBALL D  OCCITANIE');

-- --------------------------------------------------------

--
-- Structure de la table `panier`
--

CREATE TABLE `panier` (
  `idMatchs_MATCHS` int(11) NOT NULL,
  `idUtilisateurs_UTILISATEURS` int(11) NOT NULL,
  `cote` float NOT NULL,
  `paris` varchar(1) NOT NULL
) ENGINE=InnoDB DEFAULT CHARSET=utf8;

-- --------------------------------------------------------

--
-- Structure de la table `parier`
--

CREATE TABLE `parier` (
  `idParier` int(11) NOT NULL,
  `idUtilisateurs_UTILISATEURS` int(11) NOT NULL,
  `idMatchs_MATCHS` int(11) NOT NULL,
  `idTickets_TICKETS` int(11) NOT NULL,
  `cote` double NOT NULL,
  `mise` int(11) NOT NULL,
  `paris` int(11) NOT NULL,
  `resultat` int(11) NOT NULL
) ENGINE=InnoDB DEFAULT CHARSET=utf8mb4 COLLATE=utf8mb4_unicode_ci;

-- --------------------------------------------------------

--
-- Structure de la table `poules`
--

CREATE TABLE `poules` (
  `idPoules` int(11) NOT NULL,
  `libelle` varchar(255) COLLATE utf8mb4_unicode_ci NOT NULL
) ENGINE=InnoDB DEFAULT CHARSET=utf8mb4 COLLATE=utf8mb4_unicode_ci;

--
-- Contenu de la table `poules`
--

INSERT INTO `poules` (`idPoules`, `libelle`) VALUES
(1, 'POULE A'),
(2, 'POULE B'),
(3, 'POULE C');

-- --------------------------------------------------------

--
-- Structure de la table `tickets`
--

CREATE TABLE `tickets` (
  `idTickets` int(11) NOT NULL,
  `date` datetime NOT NULL
) ENGINE=InnoDB DEFAULT CHARSET=utf8mb4 COLLATE=utf8mb4_unicode_ci;

-- --------------------------------------------------------

--
-- Structure de la table `utilisateurs`
--

CREATE TABLE `utilisateurs` (
  `idUtilisateurs` int(11) NOT NULL,
  `nom` varchar(255) COLLATE utf8mb4_unicode_ci NOT NULL,
  `prenom` varchar(255) COLLATE utf8mb4_unicode_ci NOT NULL,
  `pseudo` varchar(255) COLLATE utf8mb4_unicode_ci NOT NULL,
  `email` varchar(180) COLLATE utf8mb4_unicode_ci NOT NULL,
  `date` datetime NOT NULL,
  `idCategories_CATEGORIES` int(11) NOT NULL,
  `password` varchar(255) COLLATE utf8mb4_unicode_ci NOT NULL,
  `fond` int(11) NOT NULL
) ENGINE=InnoDB DEFAULT CHARSET=utf8mb4 COLLATE=utf8mb4_unicode_ci;

--
-- Contenu de la table `utilisateurs`
--

INSERT INTO `utilisateurs` (`idUtilisateurs`, `nom`, `prenom`, `pseudo`, `email`, `date`, `idCategories_CATEGORIES`, `password`, `fond`) VALUES
(12, 'ROCHELLI', 'ROCHELLi', 'jojoletesteur', 'jonathan.rochelli@yahoo.com', '2019-11-17 12:33:11', 2, '$2y$10$5SFmEiwfLq663JpUN9DfbOjoQaj2ZZrxE7BHq7taKfGOUtEQqvX2u', 0);

--
-- Index pour les tables exportées
--

--
-- Index pour la table `ajouter_panier`
--
ALTER TABLE `ajouter_panier`
  ADD PRIMARY KEY (`idAjouterPanier`);

--
-- Index pour la table `categories`
--
ALTER TABLE `categories`
  ADD PRIMARY KEY (`idCategories`);

--
-- Index pour la table `competitions`
--
ALTER TABLE `competitions`
  ADD PRIMARY KEY (`idCompetitions`);

--
-- Index pour la table `divisions`
--
ALTER TABLE `divisions`
  ADD PRIMARY KEY (`idDivisions`);

--
-- Index pour la table `equipes`
--
ALTER TABLE `equipes`
  ADD PRIMARY KEY (`idEquipes`);

--
-- Index pour la table `matchs`
--
ALTER TABLE `matchs`
  ADD PRIMARY KEY (`idMatchs`);

--
-- Index pour la table `niveaux`
--
ALTER TABLE `niveaux`
  ADD PRIMARY KEY (`idNiveaux`);

--
-- Index pour la table `panier`
--
ALTER TABLE `panier`
  ADD PRIMARY KEY (`idMatchs_MATCHS`,`idUtilisateurs_UTILISATEURS`);

--
-- Index pour la table `parier`
--
ALTER TABLE `parier`
  ADD PRIMARY KEY (`idParier`);

--
-- Index pour la table `poules`
--
ALTER TABLE `poules`
  ADD PRIMARY KEY (`idPoules`);

--
-- Index pour la table `tickets`
--
ALTER TABLE `tickets`
  ADD PRIMARY KEY (`idTickets`);

--
-- Index pour la table `utilisateurs`
--
ALTER TABLE `utilisateurs`
  ADD PRIMARY KEY (`idUtilisateurs`),
  ADD UNIQUE KEY `UNIQ_497B315EE7927C74` (`email`);

--
-- AUTO_INCREMENT pour les tables exportées
--

--
-- AUTO_INCREMENT pour la table `ajouter_panier`
--
ALTER TABLE `ajouter_panier`
  MODIFY `idAjouterPanier` int(11) NOT NULL AUTO_INCREMENT;
--
-- AUTO_INCREMENT pour la table `categories`
--
ALTER TABLE `categories`
  MODIFY `idCategories` int(11) NOT NULL AUTO_INCREMENT, AUTO_INCREMENT=3;
--
-- AUTO_INCREMENT pour la table `competitions`
--
ALTER TABLE `competitions`
  MODIFY `idCompetitions` int(11) NOT NULL AUTO_INCREMENT, AUTO_INCREMENT=3;
--
-- AUTO_INCREMENT pour la table `divisions`
--
ALTER TABLE `divisions`
  MODIFY `idDivisions` int(11) NOT NULL AUTO_INCREMENT, AUTO_INCREMENT=8;
--
-- AUTO_INCREMENT pour la table `equipes`
--
ALTER TABLE `equipes`
  MODIFY `idEquipes` int(11) NOT NULL AUTO_INCREMENT, AUTO_INCREMENT=316;
--
-- AUTO_INCREMENT pour la table `matchs`
--
ALTER TABLE `matchs`
  MODIFY `idMatchs` int(11) NOT NULL AUTO_INCREMENT, AUTO_INCREMENT=1535;
--
-- AUTO_INCREMENT pour la table `niveaux`
--
ALTER TABLE `niveaux`
  MODIFY `idNiveaux` int(11) NOT NULL AUTO_INCREMENT, AUTO_INCREMENT=3;
--
-- AUTO_INCREMENT pour la table `parier`
--
ALTER TABLE `parier`
  MODIFY `idParier` int(11) NOT NULL AUTO_INCREMENT;
--
-- AUTO_INCREMENT pour la table `poules`
--
ALTER TABLE `poules`
  MODIFY `idPoules` int(11) NOT NULL AUTO_INCREMENT, AUTO_INCREMENT=4;
--
-- AUTO_INCREMENT pour la table `tickets`
--
ALTER TABLE `tickets`
  MODIFY `idTickets` int(11) NOT NULL AUTO_INCREMENT;
--
-- AUTO_INCREMENT pour la table `utilisateurs`
--
ALTER TABLE `utilisateurs`
  MODIFY `idUtilisateurs` int(11) NOT NULL AUTO_INCREMENT, AUTO_INCREMENT=13;
/*!40101 SET CHARACTER_SET_CLIENT=@OLD_CHARACTER_SET_CLIENT */;
/*!40101 SET CHARACTER_SET_RESULTS=@OLD_CHARACTER_SET_RESULTS */;
/*!40101 SET COLLATION_CONNECTION=@OLD_COLLATION_CONNECTION */;
